dignity;negative;comment
Настоящий 4К  смотри фото   цена качество  полный набор функционала   картинка среди данной ценовой категории вне конкуренции  звук по меркам телевизора хороший  нет дребезжания  громкие и чёткие диалоги  Wi fi 5Ghz   DLNA позволяет обмениваться со всеми устройствами в сети информацией  можно со смарта по  вафле  смотреть видео и фото  глюков пока нет за 2 месяца  пульт по радиоканалу и голосовой поиск  Плюшка в виде 6 месяцев подписок на популярные онлайн ТВ сервисы  всё подрубил легко;Толщина 10 см от стенки  неравномернось подсветки  в режиме 4К и 60 герц работает по обрезанному протоколу 4 2 0  хотелось бы полный диапозон RGB и 10 бит  Басс отсутствует  объёмное звучание отсутствует  для этого нужно докупить нормальную акустику;Пока пользуюсь теликом как планшетом подсоединённым по HDMI v2 0 к компу и Смарт ТВ по Wi Fi  как он работает с антенной и кабелем без понятия  Есть претензии в экрану  но когда вспоминаешь о цене менее 35000  то все претензии пропадают  да и реально до 40000 хорошая картинка  Как получить 60 герц с компа то смотрите картинки ниже  и кабель нужен версии 1 4 и выше  у меня 10 метров v2 0  протянул под полом в стяжке и в стене под гипсом  По настройкам видео  режим Спорт   шумоподавление отключено  по звуку настройки пользовательские смотри фото
Мне лично всё нравиться в этом телевизоре и изображения и звук и управление   Купил поставил  сразу же с интернета всё обновилось установилось  Купил по совету сослуживцев по работе  правда все они купили 43 дюйма  у меня была подобная диагональ и я решил побольше купить  Не жалею нисколько;Пока не вижу  может из за того что я не такой уж привереда  всё меня устраивает  да еще за такие деньги и такую диагональ;Отличный телик за такие деньги
Матрица  Диагональ  Цена  Сборка  Дизайн  Wi Fi 5Ghz;Резаная версия AndridTV;Читал много отзывов и самая частая критика была это к матрице  что есть засветы или слабая яркость экрана     Возможно мне повезло с экземпляром  что никаких засветов нет  ровная и яркая подсветка экрана  У меня солнечная сторона и я прекрасно вижу  что проходит на экране  Чёткая картинка приятные цвета  хороший звук  а главное шустрая начинка  фильмы по wi fi тянет 4к без проблем  ничего не зависает  Сборка так же меня порадовала  сделано крепко  ничего не скрипит не болтается     Минусы  нельзя установить некоторые приложения их просто нет в Google Play  у меня возникли проблемы с Netflix пробовал его установить самостоятельно  но пока безрезультатно или не устанавливается или устанавливается  но не запускается или устанавливается и запускается  но зависает при выборе фильма  буду воевать дальше     В целом я очень доволен телевизором и добавить нечего
Соотношение цена качество;Недостатки ПО на старте продаж;Отличный девайс в своей ценовой категории  Боялся  что не хватит максимальной яркости  на деле все оказалось хорошо  если просмотр тв предполагается больше в вечернее ночное время   яркости за глаза и не на 100   4К контент смотреть одно удовольствие  VA матрица  как оказалось  не сильно выцветает под углами  на фотографиях сложно передать  так как скачет iso   хороший черный
Отличное изображение  хороший звук  цена   Быстрый отклик в приложениях;Использую 5 месяцев  недостатков не обнаружил;Надо брать
Отличное качество изображения   просмотр цифровых кабельных каналов  большой экран;Отсутствие браузера и отсутствие поиска в интернете  только установленные видео приложения  платная подписка после короткой халявы  нет Гугл маркета;как телевизор идеален   а для работы в интернете не подойдет
ЦЕНА  приобрел по акции которая закончилась 05 07 19 за 29 990р   подразумевается что нужно писать цена качество  НО НЕТ  про качество я напишу ниже в  недостатки       Производительность  По сравнению с аналогичным телевизором SAMSUNG 55  2019 года  который у меня в соседней комнате  производительность в разы выше  все открывается куда быстрее   установил с маркета последнюю версию автогонок  Asphalt 8  на максимальных настройках в игре все летает  тормозов нет     кстати с первого раза и без проблем подключил блютуз джойстик от Xbox One  он сразу определился без установки дополнительного ПО;На мой личный взгляд телевизор в той или иной мере имеет 3 основных недостатка   1  слишком слабая   тусклая матрица экрана  2  определенные недостатки программного обеспечения   3  Плохое качество сборки;Далее подробно   1  матрица имеет значение 250 нит   https   en wikipedia org wiki Candela_per_square_metre    В дневное время я вижу на экране только белые пятна от окон   Комфортно смотреть можно только вечером когда в комнате полностью темно   я прикрепляю фото экрана ТВ для понимания насколько все плохо   фото сделано днем  на улице пасмурно  идет дождь  у меня закрыты шторы    лайк кто узнал Гекара и Лондо     2  Операционная система тут ANDROID и лично у меня тут нет никаких проблем  это по сути получается большой мобильник или планшет 55      ЕСЛИ БЫ НЕ ОДНО НО    установлен не полноценный android  а  android TV  кастрированная версия  и дело не в интерфейсе  фиг бы с ним  а в урезанном маркете  откуда устанавливаются приложения  там их совсем мало  отсутствует почти все к чему вы привыкли на телефоне или планшете   В  ANDROID TV  ВООБЩЕ ОТСУТСТВУЕТ БРАУЗЕР  ВООБЩЕ  его даже нет в маркете  так что если вы хотите почитать новости или посмотреть ваш любимый сериал онлайн   ЗАБУДЬТЕ   Большинство необходимого ПО можно скачать отдельно например с 4pda и установить с флешки  телевизор не блокирует установку c USB и вам не нужно нечего взламывать  НО  нормальные браузеры установленные с флешки просто не работают корректно с пультом  и встроенной клавиатурой     3  Качество сборки   Пожалуйста откройте прикрепленную мной фотографию  по бокам экрана   оконтовка  это такие реечки  так вот в в углах экрана они не срезаны на косую и состыкованы а просто наклеены друг поверх друга  причем на заводе на них наклеили клеенку  а после эти рейки приклеили друг к другу ПРЯМ ВМЕСТЕ С КЛЕЕНКОЙ  когда ее срываешь   она продолжает ошметками торчать из под реек     Смотрите на фото   транспортировочный СКОТЧ НАКЛЕЕН ПРЯМО НА ПАНЕЛЬ ЭКРАНА СО ВСЕХ СТОРОН
Отличная матрица  до покупки читал про проблемы с засветами и цветовой гаммой  но мне попался хороший экземпляр   Телевизор красивый  легко впишется в любой интерьер   AndroidTV   отличная штука  работает шустро и без лагов;Толстый  его явно на стенку вешать     Звук среднего уровня;Многие тут пишут о том  что PS или Xbox не видят 4к  Эта проблема легко решается сбросом настроек и выбором определенного режима работы HDMI  Так что для консоли этот телевизор подойдет  100
За такие деньги 55 дюймов   великолепный выбор  Теперь смотрю фильмы только на нем  Купил внешнюю акустику Creative Stage 7000 руб  подключил по HDMI arc  теперь пультом от телевизора меняется звук и вкл откл саундбар  Скачал бесплатную программу Kodi  там есть бесплатные эмуляторы dendy и Sega  джойстик подключается по USB к телевизору  Вспомнил молодость  прошел battle toads and double dragon  Смахнул слезу ностальгии  понял какой стал старый   Дети играют в Xbox  выдает максимум FullHd    на косяки изображения в динамичных 3д шутерах  Apex Legends и других  не жаловались   Мышка по USB работает   Купил джойстик на AliExpress  подключил через Bluetooth к телевизору  даже адаптер не требуется вставлять в телевизор    Через сервис steam  запущенный на компе  можно играть в игры из steam на телевизоре  Фантастика   Голосовой поиск изумительно точно  всегда верно распознает и английские и русские слова  но есть косяк см ниже;При нажатии на пульте кнопки поиска  высвечивается на экране значок поиска  но ничего не ищется  хоть оборись  Нажимаю назад  потом снова голосовой поиск и все работает и ищет изумительно  даже сквозь целлофан на пульте   Сетевой интерфейс только 100 МБит  видео 4k тормозят через локалку  Приходится отключать жёсткий диск от маршрутизатора  подключать по USB к телевизору  все воспроизводится на ура   Браузер Google Chrome не скачивается     из PlayMarket и не поддерживается    Я был в шоке  Скачиваются какие непонятные неизвестные браузеры  с урезанным функционалом  некоторые видео с сайтов вообще не работают;В художественных фильмах разница между FullHd и 4к настолько ничтожна  что я стал смотреть фильмы FullHd   В фильмах про природу BBC разница 4к и FullHd есть  Это лучше смотреть 4к
рий                                                                     Перед приобретением просмотрел кучу обзоров на него  Самое критичное  хочешь иметь полный функционал бери РСТ  Отличное соотношение цены и качества  хорошая картинка  глюков и засветов не наблюдается  Приобрел к нему саунд бар jbl  вообще красота;;Перед приобретением просмотрел кучу обзоров на него  Самое критичное  хочешь иметь полный функционал бери РСТ  Отличное соотношение цены и качества  хорошая картинка  глюков и засветов не наблюдается  Приобрел к нему саунд бар jbl  вообще красота
Цена  внешний вид  качество сборки  функциональность  скорость работы;пока не нашел;И так по порядку о телевизоре    Выбирал долго в диапазоне 30 50 к между LG и Samsung  просмотрено куча обзоров и в итоге понял  что в этом диапазоне идеальный не найти  у всех свои плюсы и минусы   В итоге выбор пал на Xiaomi  деше всех своих собратьев и думаю не хуже   В обзорах смотрел про минусы    Не съемный и короткий шнур питания  исправлено  мне пришел со съемным     нет поддержки netflix  уже встроен по умолчанию  даже пульт адаптировали  только кнопку Mute так и не добавили       не полное 4К   кучу ткстов провел  и на пиксели и через софт и видео  все отлично  4К и без тормозов  смотрел даже в потоке через торрент в 45 ГБ   все отлично      Отсутствие HDR  не видел  сравинить не с чем  но в других моделях до 50к это функция тоже номинальная     отсутствие сглаживания  все есть  видимо пришло с новой прошивой     некорректная работа некоторых приложений  поставил все что хотел  все работает без нареканий     Резюмирую  телек стоит своих денег и до 60к не найдете лучше по всем параметрам у каждого свои нюансы   Картинка мне понравилась более чем  Звук отличный  даже не ожидал  Шустрый  Функционал очень широкий  Android TV  а не просто адаптивный Android   Красивый  да и что еще от него нужно
Цена  android tv  звук  большая диагональ;Пульт  Он хороший удобный  но немного расстраивает отсутствие кнопок mute  переключения источника сигнала  Нет привычных кнопок переключения каналов  и качество самого пластика тоже не ахти  громкое нажатие клавиш   Не очень удобное расположение разъемов;Телевизор за свои деньги просто ТОП  Все описанные недостатки  это все мелочи  придирки и никак не влияют на впечатление от покупки  Качество картинки отличное  4к на ютюбе без проблем  Качество изображение не хуже   чем на том же samsung  Android tv  не тупит   не тормозит  реально удобно пользоваться
Топ за свои деньги  Почти как большой смарт  Программы ставятся и гугла  и apk  Все летает  обновляется регулярно;ну 4К  вблизи не фонтан  но денег за такой телек не так много отдаешь;Подключил к ПК  шутаны гонять не понравилось  хотя может не разобрался до конца с настройками  Всё остальное катается замечательно  Поставил ХДbox  и всё с контентом проблем не знаю     Ну и вообще 4пда вам в помощь
Сборка Калининградская прост в эксплуатации  настроил сам хоть и не спец  голосовое управление поддерживает  изображение и звук отличные;Недостатков не нашел;Покупкой доволен и ценой  и качеством  С изображением 4К вообще супер
Очень понравилось абсолютно все  Очень удобный прост в настройке и управлении  Всем советую;Недостатков пока что нет;Дома все рады  Очень большой показывает очень хорошо  Нет никаких засветов  А самое главное показывает кабельное и спутниковое
Цена  функционал  картинка  4К;Краска на металлической рамке  ножки  USB 2 0;Купил в начале месяца себе его  картинка отличная  советую отключить шумоподавление  что бы не было шлейфов в динамичных сценах  4К и правда реальные  а не просто рекламный ход  андроид работает шустро  приложений море в плеймаркете  есть хромкаст  можно транслировать с телефона  к пульту нужно привыкнуть  жалко  конечно  что USB только 2 0  но не сильно критично  пленку с рамки снимайте осторожно  ибо краска может слезть  ножки хлипкие  но стоит вроде как уверенно  думаю перевесить его на стену  Вообщем за эти деньги 10 из 10  всем советую
цена  функционал  Качество изображения  наличие 4к и HDR 10 за эти деньги  Маленький и аккуратный пульт  Дизайн;Китайский язык  решаемо;Брал в небольшом интернет магазине за 27500  на авито дешевле  но никто никаких гарантий и чеков вам не даст  привезли на следующий день  телек прошит и поставлен кастом лаунчер  им не пользуюсь   но был и плюс  поставлены приложения вроде ютюба и программы для просмотра кино  сериалов  мультиков бесплатно и в hd   4k качество   HDR работает с ps4 slim   Главное не бортесь китайского языка  телевизор переводится на частичный английский и разобраться более менее современному человеку получится за 15 30 минут
Цена Качество  Android TV  Голосовой поиск  Качество изображения Цена  Быстродействие;Звук  Ножки  шатаются   Пульт  Прошивка  некритичные  но подбешивающие баги   Нет Netflix и браузера;По соотношению цена   качество   великолепный телевизор  полностью оправдал все ожидания  Стоит у меня уже 4 месяца и я ни на секунду не пожалела  что его взяла  Есть список недостатков  но я была готова к ним  когда выбирала устройство 4K 43  за 20 тысяч рублей   Картинка вполне себе ничего  хотя конечно 4K отдаёт китайщиной с выкрученной яркостью  но бойфренду понравилось  Есть небольшие засветы по краям  но во время использования не обращаешь внимание совсем   Звук плохой  но сносный  лучше иметь дополнительное аудио оборудование   Перед покупкой читала плохие отзывы про голосовой поиск   меня он полностью устраивает  хорошо вполне распознает речь и русскую и английскую с акцентом   Ножки не получилось прикрутить так  чтобы он не шатался  очень боялась что кот опрокинет его пока нас нет дома  но до сих пор нападений не совершалось   Мне не нравится пульт  постоянно попой что то случайно нажимаем  Почти всегда вслепую промахиваюсь мимо кнопки выключения и включается голосовой поиск  Но в целом  лишних кнопок нет  что просто супер   Самое ужасное для меня это корявые приложения стриминговых сервисов  но телевизор тут не при чем   и особенно отсутствие Netflix  Его невозможно даже с флешки установить  Вот тебе 2020   хочу платить деньги  но не могу  Браузера  кстати  тоже нет  так что единственный вариант серфить интернетик с телевизора   хромкаст   Несмотря на это  опыт использования положительный  повторюсь  телевизор абсолютно точно стоит своих денег
Большой и красивый телевизор за не дорого  Сяоми умеет делать вещи качественно и это уже давно доказано   Красочный  насыщенный экран  приятно смотреть фильмы даже не в очень хорошем качестве  Вшитый андроид  при первом запуске автоматически обновился;Не многообещающий звук  хрипов конечно нет  но нет глубины  ОЧЕНЬ шумный пульт  Ночь  если захотите посмотреть кинцо  даже в наушниках  с этим пультом разбудите даже соседей  Обладателям андроид смартфонов будет удобнее установить приложение пульта на телефон;Использую меньше недели  может ещё не разобрался  но при включении сразу выходит на приставку андроид  посмотреть простые каналы не получается  Из за сложного меня для людей постарше сложен в использовании  В первую очередь это же телевизор  а каналы  ОРТ  НТВ и т д   при старте посмотреть нельзя  приходится сплясать с бубном
Отличный телевизор  наличие 4К  смарт ТВ  работает без затупов;почему то на пульте плохо работает кнопка наверх;Давно присматривался к данному телевизору  итог нисколько не пожалел   пришёл он в замен Sony KDL42W817B который откровенно говоря устарел из его достоинств это только 3D а ПО и смарт ТВ уже устарели как и быстродействие   переехал в гостиную
Дёшево и сердито  Андроид порадовал своей простотой  Смотрел 4k фильмы с жёсткого диска;Битые пиксели на черном  Постоянно светят зелёным  Штук 7 насчитал  В принципе не критично  с расстояния 2 метра не видно  и то в темных сценах  Нету интерполяции как в дорогих ТВ  плавная картинка   Ну и никакого HDR конечно;Он оправдывает ожидания  ТВ брался для просмотра Ютуб и плейстейшн  с чем прекрасно справляется  Можно сказать это большой монитор со встроенным смартфоном
Соотношение цена качество;Пока не заметил;Отличный ТВ  без откровенных недостатков
Отличное качество сборки   Хорошее изображение   Минималистичный пульт  Недорогой  Легкий;Нет;Тяжело купить  нигде нет в наличии
За эти деньги   бомба;Нет;Отличный телевизор за адекватные деньги  Xiaomi в очередной раз радует
Хорошая картинка  Android TV  много онлайн сервисов  телевизор самодостаточен;Заметные засветы по краям экрана;За свою цену лучший телевизор
Не плохая сборка  современный пуль  работает;Засветы по бокам экрана при смени картинки  Главное не хватает яркости подсветки из за этого просмотр тв просто удручает  Нет полноценного встроенного Браузера   Звук громкий но по всем параметрам просто печаль  сразу готовьте 6 7 тыщ на саундбар  4К есть но он тоже печален   HDR как такового нет  Андроид тв куча мусора и платного контента  Металлическая рамка в прозрачной плёнки вид не очень как дешманский пластик если её снять то рамка действительно металлическая внешний вид улутьщаетса но на ощупь на углах чувствуются зазоры  Сам корпус довольно толстый  в плотную к стене повесить не получится сильно выдвинута задняя часть корпуса  В общем маркетологи потрудились на славу куча заявленных характеристик не совпадающих с действительностью;Как телевизор для просмотра кино и передач не очень звук отвратный  Это большой планшет или телефон на 9 андроиде    Брал сие чудо китайской мысли  Чуда не случится добавляйте 7 9 тыщ и покупайте LG 7600 или другой проверенный временем бренд  Телевизор не порадовал но покупался на кухню там ему и место
Нормальный вариант  даже без поправки на цену  картинка полностью устраивает  звук тоже  Никаких  танцев с бубнами  при настройке или эксплуатации или проблем с изображением  про которые многие пишут  не возникло пока  3 недели  ни разу;После Самсунга 2019г кажется неудобным меню  хрустящие  шумные кнопки на пульте  нет кнопки mute;Слишком большое количество отзывов   может  накрученные    и слишком категоричные отрицательные отзывы сделали из покупки  своего рода   лотерию   но дешевле и новее на рынке ничего нет из более менее признанных имён  Коллега посоветовал  поэтому решился все же взять  Итого за 3 недели пользования всё ок  тьфу тьфу тьфу  Картинка  которой пугали многие  нравится очень  IVI  YouTube  КиноПоиск   везде где можно выставить 1080  показывает на ура  Сравниваю с Самсунгом QLED 2019 серии  на декабрь 2019 цена которого не сайте производителя была 80тыс р   стоящим в зале   разницы не вижу  Спорт  по понятным причинам  не смотрел пока  Звук  когда включил  показался странным в первые 10сек  потом либо привык  либо динамики адаптировались после первого включения  То что  говорят  нет 4k  так я его и на  правильном  Самсунге не вижу  а 1080 показывает шикарно  Работает по WiFi  все четко  Наушники по Bluetooth тоже без нареканий подключаются
Соотношение цена   качество;Есть неравномерность в яркости точек при включении телевизора   Не все игры из Google Play устанавливаются на ТВ  некоторые игры после установки начинают зависать даже на стадии запуска;Более месяца работает по пол дня  пока семья на самоизоляции   нареканий нет  все чётко и без явных глюков
Одно сплошное достоинство тем более за эти деньги не буду оригинальным сказав Доволен как Слон;Главный недостаток отсутствие недостатков   Начитавшись в отзывах  умников  и  гуру  электроники ожидал разочарования и плясок с бубном    Ну разве что с айфоном не коннектится хотя я особо не старался возможно есть способы  не особо и нужно;Читал отзывы   Долго   Оченно умные  эксперды  мудрёно рассуждали о пикселях глубинах чёрного 4К и прочих мудрёных вещах   Оневозможности использовать телефон в качестве пульта   Очнитесь   Это телевизор Пульт конечно удивил и ввёл в ступор но когда врубился как всё работает был поражён простотой Теперь вообще не понимаю нахрена в других пультах столько кнопок   В общем потратил около часа на изучение пульта настройки всех аккаунтов подключений к сети и всё   Тут же прилетели последние обновления установились   Сижу и думаю  А где же обещанные умниками проблемы Ну подожду    Проходят дни недели   Где отвалы пульта вай фая блютуса Где красно зелёные пятна слёты настроек  ужасный звук  Блютус колонка подключилась на раз два побаловался полчасика убрал её и забыл Кстати в DNS эта модель почему то на полках отсутствовала принесли откуда то из загашника   Однозначно рекомендую   P S Это у меня не первый смарт до этого было 3 разных бренда   С этим как говорится рядом не лежали
На первом месте это Цена и она скажем честно достойная    Экран отличный 4к    Звук отличный  опять же за такие деньги    Как выглядит  С 2 метров отлично  но с близкого расстояния дёшево это недостаток  но опять же за такую сумму;Недостатки китайский язык  но решается покупкой сторонней приставки в моём случае apple tv 4k   И после настраиваем под себя;Давайте говорить прямо    Этот телевизор стоит своих денег  во первых андроид  настройте и пользуйтесь без Китая  всего   Контента 4к сейчас достаточно  правда сервисы не бесплатные  но кто мешает торрент и hd диск использовать  хотя сейчас эра высокой скорости интерната  но лучше уж приобрести вход в сервис какой то и пользоваться без рекламы   И совет сразу купите HDMI 2 0  Была проблема с HDMI CEC решил    просто нужно во время пользования приставки  нажать на 3 черты  далее playback    а далее поймёте
Качество сборки;Китайский лаунчер стандартно;Телевизор отличный китайщину убрал через скрипт с удалением китайских приложении Телевиденье от Ростелекома работает хорошо  для бесплатных просмотров фильмов установил lazy media
Изображение отличное;Битая прошивка;Недостаток только в прошивке и приложениях  Толком не работают  Без них это обычный супер монитор  Купили приставку эпл ТВ и решили вопрос
Качество изображения  Цена  Тонкие рамки;Сложность настройки  Отсустсвтие рута  Громкий и малофункциональный пульт;За такую цену   матрицы такого качества не найти  Важно понимать  что вы берете китайца  который не выпускается официально вне Китая  На стартовой странице у вас будет множество китайской рекламы  китайский язык снова и снова будет мелькать в меню  Требует настройки и нестандартных решений   Нужно устанавливать английский язык с флешки  Многие приложения для андроида не будут работать  т к  отсутствуют сервисы гугла   Популярный медиаплеер Kodi  который обычно рекоммендуют на него ставить  требует тонкой настройки для нормального воспроизведения 4к из сети   Если вы хотите просто поставить телевизор  чтобы все сразу работало   эта покупка не для вас  Если вы готовы копаться в настройках  читать форумы и помногу раз гуглить и решать проблемы   этот ТВ вам подойдет   К ТВ докупил пульт rii mini i25  Работает не плохо  но я бы посоветовал искать другой вариант  т к  сам пульт так себе  Но точно лучше и удобнее оригинала
дизайн цена качество сборки 55;перевод наполовину английский наполовину китайский  но сторонние приложения все английские или русские  на аналоговой антене мало что можно посмотреть  немного жестковатые кнопки на пульте  может это только мои придирки;купил телевизор и не нарадуюсь  установил с 4pda приложения для Mi Box   смотрю 4к с ютуба  пока фильмы не скачивал с интернета многовато весит  40 50 гб   интернет тв  кинотеатры с кучей фильмов  аналоговой антеной уже не пользуюсь    всё красочно и быстро работает  претензий к скорости нет  установил эмуляторы приставок nintendo 64 и sega md2 играю с блютуз джойстиком  Перешел с 42  на 55  и не пожалел  расстояние от тв до дивана около 3 4 метра  привыкается быстро
Экран  звук  дизайн  за свою цену просто отлично  Немного пошаманил в настройках дисплея и ТВ в картинке не уступает аналогам с ценой от 80к;из за отсутствия google play services нужно искать отвязанные от них приложения     пульт слишком простой и кнопки громко щелкают;1 день на форумах и телевизор полностью настроен под меня    Стоит русская оболочка  настройки на английском    всё на китайском снёс без рута     Есть аналоги маркета  Есть онлайн кинотеатры   любые фильмы  передачи  сериалы  стабильный IPTV    YouTube в 4К только с подключением внешних устройств  в недостатки не внёс  т к  проблема видимо у многих ТВ  google перевел видео в неподдерживаемый VP9 формат  Пока вполне обхожусь 2К   При желании ТВ можно легко прошить   В общем после дня настроек счастью нет предела  полный фарш без без приставок  твбоксов и тд
На момент покупки   цена  лето 2019;Изображение  производитель матрицы PANDA  Звук  как из ведра  другого и не ожидал  сразу подключил к ресиверу   Софт  пожалуй один из самых главных минусов  Кривая  косая  халтурная китайская дичь;Брал на замену старенькому Samsung UE40F5300  Поначалу все недостатки компенсировались размером экрана  Далее эйфория прошла  Всего было несколько обновлений  которые периодически исправляли косяки  добавляли новые  затем возвращали старые и так по кругу  Чего стоит только карусель с тупиковыми билдами прошивок  когда можно словить более не поддерживаемую версию прошивки  Восстановление только ручками с последующим поэтапным обновлением с древней прошивки до более новой через промежуточные   Со временем окончательно сломали режим Monitor  Играть на ТВ стало сложнее из за инпут лага  На новом SAMSUNG   все волшебно    HDR   никакущий  халтурная дичь для галочки  Windows 10 периодически не определяла звуковое устройство MI TV  звук не шел  подключение через ресивер  На другом телевизоре все ок   Сбивались настройки nvidia для мониторов  калибровка цвета  формат цвета  разрешение и частота экрана  На другом телевизоре все ок   В итоге заменил на новый SAMSUNG  Который естественно стоит дороже  но выполняет свои функции  как и заявлено   Являюсь поклонником xiaomi  дома много гаджетов этого производителя  Но в случае с данным ТВ выходит уж очень большой компромисс по качеству  Параметр цена качество критически низок  Подойдет для СЛИШКОМ неискушенного пользователя
Цена  тонкие рамки экрана;Самый главный недостаток это китайский язык и его не победить ни чем  нет рута и не будет   из за этого непонятное меню  Далее отсутствие возможности принимать российский антенный аналог и Т2  Далее урезанный андроид 6 0  приложения можно поставить  но не все  Далее мне не понравились углы обзора экрана наверное  из за матрицы VA мой предыдущий тв филипс 7 лет показывает лучше   Далее все разьемы расположены сзади телевизора  если висит на стене   флэшку не воткнешь и HDMI тоже  надо выводить все до того как повесил  И последнее пульт   гемор еще тот;как монитор для какой нибудь приставки подойдет  как телевизор я бы выбрал другое доплатив 5  10 тр выбор сейчас велик
хорошая картинка  маленькие рамки  андроид на борту можно накидать всяких приложенк;не весь интерфейс на английском  не очень хорошая скорость как у wifi  так и ethernet порта  просто адовыфй пульт после apple tv  во первых ИК пульт  ну камон 2018 всеже  а во вторых кнопки так себе через воремя начинают тупить и жмешь их во всю силу  только так и срабатывает;использую как монитор для apple tv и ps4 pro с этим справляется на все 100
Дешево    4К    легкий очень;неравномерная подсветка    кривой интерфейс    ничего толком не работает;ivi вылетает через раз  остальные приложения полный треш  Чтобы все настроить хоть как то надо быть технарем  Если хотите использовать как основной телик   обязательно нужна отдельная приставка типа apple TV  плойка или что то такое  что заменит кривейшую родную оболочку  В общем как телик в спальню перед сном позалипать   норм  как основной   не норм  ищите что нибудь поменьше и подороже  ну или просто подороже
Цена за диагональ;Это не телевизор  это обычный монитор  т к у него нет цифрового тюнера DVB T2  Для просмотра эфирных цифровых каналов потребуется ещё дополнительно приобрести приставку;К бренду Xiaomi претензий не имею  делают качественный товар  но для завоевания Российского рынка могли бы укомплектовать цифровым тюнером DVB T2
В соотношении цена   качество  лучший выбор;Неравномерность подсветки матрицы   проверяйте перед покупкой     Не все обновления прошивки полезны  перед обновление почитайте отзывы  Не хватает яркости в режиме HDR  если тв будет на солнечной стене  возможно Вам нужна другая модель;За свои деньги тв просто   бомба  Отличный смарт  все работает крайне быстро  при подключений к ПК не возникает никаких проблем     В общем если в бюджете нет дополнительных свободных 10 15к  то ничего интереснее найти не получится
стоимость      дизайн      андроид;отсутсвуют;Всегда старался покупать технику известных брендов  Самсунг  Lg и т д  купив Xbox понял  что пора менять свой 80см Sony на что то по крупнее  По совету товарища  тоже купившего такой телевизор  решил присмотреться к этой модели  Сопоставив весь функционал с тем же лджи  которой еще и на 10 15 тыс дороже  пришел к выводу  что эта модель ФАВОРИТ на рынке в данное время  Однозначно  Факт     Качество цветопередачи на отлично  все настройки интуитивно понятны и просты  Дети счастливы  я тоже   теперь в мортал комбат рубиться одно удовольствие
1  Звук                                 2  Картинка                                 3  Внешний вид                                 4  Матрица VA                                 5  Большой экран;1  Проблемы со скоростью что по вайфай что по проводу  То боле мене тянет  то 2мб обще выдает                                  2  Сетевуха всего 100мб                                 3  Урезанный Android  Play Market                                  4  Нет Miracast  показ рабочего стола с мобилы                                  5  Неудобный пульт  кругляк который посредине lt  очень часто попадаешь на OK центровину                                  6  Пульт не сенсорный  Нет аэромышки                                  7  50тыш р цена;Покупался через яндекс маркет  модель Xiaomi Mi TV 4S 65 T2S 65   2020  L65M5 5ASP серый стальнойб  европеец                                   Смотрю исключительно фильмы  картинка хорошая  с usb диска фильмы на 50гб идут без тормозов  4к и 8к на ютубе проигрывает хорошо  звук не отстает  Отключал и удалил лишние приложения  оставив то чем в основном пользуюсь                                  В целом хороший телек  несмотря на незначительные минусы  настроил кнопку хом под другой ланчер  настроил виджет погоды  запрограммировал кнопки на пульте  Текущий главный экран на фото
В эксплуатации более двух месяцев  первая партия из DNS  модель L65М5 5АSP   отличный телевизор  картинка яркая и четкая яркость в настройках с запасом 400 450кд м2   хорошая цветопередача андроид на меньших диагоналях и так хороший а здесь он летает  вай фай как на 2 4 так и на 5гц работает отлично подключил на 5гц 60Мгб   HDR отрабатывает хорошо теперь не просто для красоты на коробке написано  МЕМС уплавнялка  работает отлично  все движения на экране плавные контент в 4к на Ютубе загружается на ура воспроизводит без торможений   отличный удобный пульт добавили нужные кнопки   хороший в пульте микрофон голосовые команды слышит с трёх метров за это время ни разу не завис и т д  очень хороший черный цвет  на данном экземпляре отличная VA матрица  засветов фактически нет  конечно же на нём не 10бит  а 8бит FRC  пока претензий к нему никаких нет;Звук не отличный  но хороший добротный звук с низкими частотами  если не ошибаюсь у него присутствует небольшой сабвуфер  однозначно звук на порядок лучше меньших диагоналей да и по всем показателям 4s65 лучше будет;Конечно у каждого свои требования к ТВ и по картинке и по звуку  сходите в магазин и своими глазами посмотрите и послушайте  почитайте отзывы на сайте DNS  там более 100 отзывов о 4s65 глобал 2020г   оценка ему 4 8 из 5 баллов  на мой взгляд Xiaomi mi tv 4s 65 глобал  более чем стоит своих денег и является очень неплохим выбором для тех кто не хочет или не может платить намного большие деньги за А бренды  тем более что он абсолютно ничем не хуже многих моделей с похожими характеристиками  по мне даже лучше всем удачи
изображение  звук dolby digital plus смарт тв  андройд пульт без всего лишнего cопряжение с телефоном  что по блютуз что по вайфай простота в обращении;слабый встроенный ci  модуль по приёму ну и качество изображение можно было маленько подтянуть;в принципе телик огонь за свои деньги хоть и 2018 года берите не пожалеете
Телевизор идеальный за свои 50000 рублей красивый солидный очень красивая картинка;Браузер  еле еле нашёл но тут хреновый  и звук на 4 из 5;Идеальный
Изображение  Легкий;Пока нет;Рекомендую
Все;Нет;Настроил по роликам в Ю тубе и смотрю  телевизор за свои деньги очень хороший  Главное не искать во мху енота  ибо абсолютное совершенство продается за совсем другие деньги
Отличная четкая картинка не смотря на большую диагональ  дружелюбный интерфейс  куча полезных приложений  В общем при относительно не высокой цене  для данного класса  прекрасное качество функциональность и дизайн;Не обнаружил;Имел почти годовой опыт использования аналогичной модели с диагональю 55  L55M5 5ARU   и не ожидал ничего нового кроме немного большего размера  На самом деле картинка у 65 го  L65M5 5ASP  оказалась на удивление более  не знаю как выразить  живой  что ли  более красочной  Подавляющее большинство предустановленных приложений   платные  поэтому сразу установил Videobox и MX player  бесплатно доступные в интернете  Единственное  с моей точки зрения  что не на высоте это качество звука  слабоват и  плоский
Цена качество изображения;Не нашел;Отличный телевизор за свои деньги  Ни чем не хуже samsung  lg  Ни каких засветов  ни тормозов  Следующий будет такой же только с диагональю 75
Версия Global                                   Официальный Android tv  на данный момент 9 версии                                    Google сервисы                                   Есть русский язык и вроде даже казахский                                   165 см  действительно большой тв  однако за неделю привыкаешь                                   Работает шустро  не было еще зависаний и лагов                                   Bluetooth пульт с микрофоном                                   Дизайн                                   4К IPS                                   Chromecast                                   Поддержка Google Home;Слабый Wi Fi  слабее чем на телефоне                                    Небольшие засветы при небольшом отклонение                                   Есть проблема с ARC  скорее программная  подробнее в комменте                                    Ethernet 100;Сразу уточню  бывает ТВ для китайского рынка  там обычный Android который не оптимизирован под ТВ  все на китайском  нет поддержки Google сервисов  Данный ТВ версии global  с официальным android                                   До этого пользовался приставкой mi box s  на таком же android  система за год показала себя только с хорошей стороны  нет подвисаний  можно поставить почти любое приложение через APK  думал если тв будет на китайском буду использовать приставку  но тут оказалась точно та же система и память 16 гб что для ТВ достаточно                                  Читал обзоры данного ТВ  говорили про диагональное строение пикселей  лично я их не вижу с расстояния более пол метра  картинка четкая  Звук у ТВ самый обычный  ни больше и не меньше  я использую дом кинотеатр и одна небольшая проблема  скорее программная  Кинотеатр подключен по HDMI ARC  при включении ТВ включается вместе  все работает с одного пульта  но часто не работает регулировка громкости                                   Очень слабый wi fi крохотный mi box работал без проблем  а до огромного ТВ доходит лишь 5 6мбит сек с обычным роутером от казахтелеком  подключил другой роутер  стоит за толстой стеной  5ghz  доходит до тв 25мбс  но 4к видео работает без проблем  25 необходимый минимум для 4К  есть RJ 45 но он только 100                                  HDR он как бы есть  но никакой разницы в этом режиме нет  похоже яркости все таки не хватает  сравнить не с чем  но по мне ТВ и без того показывает отлично                                  При небольшом отклонении от строго перпендикулярного  черный становится темно синим  это не серый как TN  а достаточно глубокий синий
Прежде всего качество изображения и исполнения за эти деньги  За 50 тысяч покупал в 2015 годы 55 дюймов  теперь за те же деньги купил 65 дюймов;Нет никаких настроек изображения и звука  Сделано по принципу  все настроено  не нужно портить   Однако я привык рулить сам;До недавнего времени был у меня Philips 4К 55 дюймов на андроиде  но внезапно сгорела подсветка  Решил купить новый телевизор  выбирал размер от 65 до 75 дюймов в начальном ценовом сегменте  Конечно в магазинах продавцы прям навяливали Samsung  но у меня уже был андроид телевизор и возможности андроид менять на локализованную оболочку не хотелось  Видя нежелание покупать Самсунг продавцы наперебой демонстрировали какой то ролик  который на Xiaomi 55  страшно тормозил и дергался  Но меня просто так не запугать  Накачал с интернета разных монохромных таблиц   тестов плавности и цветности  Притащил все к друзьям у которых есть свежий Xiaomi TV4S и протестировал его до дыр  После этого пошел в магазин купил этот телевизор  А вот собственно первые впечатления  после Philips и старенького Samsung картинка на Xiaomi MiTV4S 65  просто шикарная  цвета  яркость  насыщенность  натуральность цвета кожи  голубизна неба  и т п    дарят наслаждение от просмотра  4К контент не тормозит  не дергается  плавность  детализация и резкость отличная  Старый ролик от Philips на экране Xiaomi смотрится лучше  несмотря на бОльший экран  При том же сравнении  звук у Xiaomi больше речевой  не музыкальный  но не напрягает  регулируется шагами  можно сделать очень тихо  Система андроид от Xiaomi простая  понятная  скорость хорошая  После андроид от Philips заметна более устойчивая работа с приложениями  например телевизор будучи выключен в приложении  включится на том же приложении  у Philips в этом случае система уходила в ребут   Из недостатков отмечу  отсутствие возможности менять параметры изображения и звука  Можно менять яркость и все     с завода стоит яркость 65 из 100   По звуку вообще настроек тембра нет  Сначала удивился  потом вспомнил  что всегда вообще то смотрел телевизор на одних и тех же настройках  а здесь они достаточно оптимальны  особенно изображение  Поэтому считаю отсутствие навороченной настройки не таким уж большим недостатком  К покупке рекомендую
Большой телек за 48к    звук норм  В общем в других комментах уже все сто раз расписано;Самый главный недостаток   телек не врубается с пульта после перехода в сон на 15 минут и более  Если включить тв с кнопки на экране  он включится и покажет что нет wifi подключения  пульт не будет работать  Видимо во время сна модуль с беспроводной связью bt   wifi отваливается и уже не просыпается  Налицо криворукость китайских разрабов  Лечится только передергиванием розетки  Проверял с последними обновлениями на сегодня                                   Не тянет торренты в 4к через связку torrserv   hdvideobox  размером 40 80 гигов  Канал позволяет  а проц не вывозит;Пробовал это пофиксить проблему с отвалом пульта следующими методами по советам с форумов                                  1 Прописать статический ip в тв или в роутере                                  2 Поставить приложуху wakelock для запрета перехода в режим сна                                 3 Использовать роутер НЕ от мгтс  Странно  но и такой совет видел  грешили что роутер тупой и надо купить более новый                                   В итоге я купил новый роутер от кинетик  Сначала сделал такую связку   роутер от мгтс в режиме моста  кинетик как точка доступа  Тв все равно не включался  Это меня сильно выбесило  ведь 5к на роутер уже потрачены  а бандура не фурычит   Пришлось ставить кинетик под телеком и подключать его к тв через езернет  а инет брать с мгтс роутера на кинетик  Минус этого решения   очевидный оверкилл использования роутера и пропускная способность всего 100мбит  так как тв больше по проводу не тянет  Жаль  ведь по wifi скорость разгонялась до 250
рий                                                                     На второй день перестал включаться с пульта;;На второй день перестал включаться с пульта
Цена  Качество  Андроид на который можно много чего установить;За два месяца пользования не выявил;Отличный телевизор  все нравится  В своей ценовой категории   аналогов не имеет точно  как по мне
цена  и наверно всё;Android TV недостаток   его придумали в аду чтоб мучить людей   пульт тоже оставляет желать лучшего кнопки громкости расположены в самом неудобном месте которое можно придумать  все кнопки маленькие и расположены слишком близко друг другу жутко бесит  далее   2 usb это слишком мало смотрите подключил сторонний пульт   лед ленту и всё не куда флешку  но кому то лед лента не будет нужна   хотя всё ровно два входа usb это мало  невозможность установить браузер тут нет браузера  можно наколхозить через апк жутко неудобные   еще один либо баг  либо тупость разработчики по при подключении беспроводной мышки клавиатура перестаёт работать она не появляется  мышка работает но написть вы не чего не сможете;в целом телик за 11900 с официальной гарантией норм  но не рекомендую покупать   тем кто не шарит в анероиде и в целом в технике  кто не любит копаться в настройках  кстати почти все приложения которые без проблем устанавливаются на тв бокс  сюда не получится установить   и тут нет браузера  это тоже жутко бесит   пришлось ставит стороний  подвисаний пока не было  работает шустро    но пару раз самовольно уходил в Android System Recovery с критической ошибкой  пришлось сбрасывать  сейчас вроде это прошло и больше не случается   подарки активировал все кроме окко  окко это шлак у меня официальная российская версия без китайщины и с гарантией не вижу смысла покупать китайскую версию  он и у нас не дорого стоит
Android TV    Цена;Размер экрана;Купил официальную версию для России   Удобно  достаточно для кухни  настроил VLC на локальное хранилище  смотрю сериальчики скачанные с торрентов  и Подписки никакие не нужны
Умный телевизор на баре Андройде 6 0  Хороший wi fi модуль;Китайский интерфейс при включении  Коаксиальным кабелем не воспользоваться  приемник китайский  Так что только через hdmi или тюльпаны;Телевизором доволен  Но совет только опытным пользователям  так как чтобы настроить телевизор под себя надо повозиться  скачать русский лаунчер  переназначить кнопки и поставить приложения для просмотра фильмов и ТВ через интернет
Цена  картинка  функциональность;Звук так себе;Прекрасный вариант для дачи  Корпус без дизайна вообще  просто черный пластик  Антибликовое покрытие экрана есть и отлично работает  Брал официальную версию для России  DVB T2 есть  сигнал ловит   Google Play Market из коробки  Установил приложение МегаФона ТВ  картинка прекрасная  Сервис YouTube работает без тормозов  Небольшие фризы системы есть  так как оперативной памяти на борту всего 1 Гб  Звучит средненько  но есть эквалайзер и пресеты звука  Пульт отличный  Bluetooth  Включается телек секунд двадцать  идет загрузка системы  Можно подключить беспровные наушники  Выход 3 5 тоже есть  Тюльпаны  HDMI  два USB  Модуль CI возможно использовать  но он не плюсовой  При работе аппарат греется совсем немного  Когда выключен  никакие светодиоды не горят  это огромный плюс   Очень нравится  советую к покупке
Отличная картинка  показывает несравнимо лучше многих моделей с таким же разрешением  просто огонь  Пульт красивый  телек красивый и лёгкий   Читает внешние жёсткие диски без проблем;Звучит ужасно  никаких нижних  все звучит как камрип  3 5 нет  Система очень глупая  Китайская версия   это для тех  кому гемор по приколу  Гугл сервисов нет   ютуб заводится с бубном  гугл маркета нет  приложения из сети  заработают не все  Далеко не все   Есть приложение  искать в сети   митв ассистент  с ним можно устанавливать апк с телефона  Оно поможет сделать хоть что то   Переключить систему с китайского   по урокам из сети  спасибо  что они есть   В России как телек работать не будет  но для меня это не важно  Айпитв работает и хватит;Только для тех  кто разобраться сможет  И хочет разобраться   У других производителей есть тв с такими же характеристиками  на 1500 дороже  С 3 5 джеком и норм системой   Моим косяком было взять этот телек  мне с ним жить   Отзыв актуален для китайской версии
Отличный дизайн  картинка  угол обзора  функционал  Немного хромает звук  но это лечится добавлением саундбара того же изготовителя;Не обнаружено;Отличный аппарат  В гостиную возьму того же изготовителя  только изогнутый и побольше
Довольно компактный  Великолепное качество за отличную цену   Классный пуль  удобно управляется  Отличное качество распознавания речи;Звук не очень  но зачем звук в телевизоре для кухни   да и  в принципе  все;Отличный вариант для кухни  как в моем случае   туалета  ванной
Андроид;Для меня за эту цену    нет;Смотрю спутниковое через ресивер  качеством картинки и звука доволен  Не думаю что дождусь Xiaomi с тюнерами DVB S S2
Хорошая цена за монитор с АндроидТВ  Качество картинки соответствует заявленному  Легкий;1  Никакущий приемник эфирного и кабельного сигнала  Там  где приставка берет два эфирных мультиплекса  и кучу каналов кабельного ТВ  DVB C   телевизор не справился вообще   2  Возрастная категория лиц ограничена   людям очень старшего поколения данный аппарат противопоказан категорически   3  АндродТВ против обычного Андроида может заставить вас купить приложения  которые вы уже приобретали  но для обычной платформы Андроид  для приставок  например;Это не ТВ  так как радиочасть для приема цифрового сигнала на антенный вход отвратительная  Это все таки монитор с WiFi и андроидом  эдакий настенный планшет
Современный телевизор по цене смартфона;Не обнаружила;В данной ценовой категории конкурентов нет  Честно не понимаю как можно искать недостатки в телевизоре с полным фаршем за такую стоимость  Подключили к сети по Wi Fi и смотрим каждый день что захотим  Подарочные подписки активировали не все  поленились разбираться  У своего провайдера подключили доступ к одному из ТВ приложений по низкой цене и не стали покупать антенну  Ну включается не сразу  может секунд 40 грузится  ну и что  Планшеты и смартфоны также себя ведут часто  Безупречность стоит совсем других денег
Цена;не обнаружил;Отличная вещь за свои деньги  Почитав отзывы по поводу звука и изображения  несколько призадумался  но за такие деньги      Вообщем взял в детскую комнату  убьют не жалко   Однако телевизор  или правильнее сказать планшет с пультом  превзошел все ожидания  Звук хороший  если вы не меломан то останетесь довольны  по качеству изображения тоже все вполне достойно  кому не нравится могут купить тв с 4к за 40   т р  и будут счастливы   Много предустановленных программ для просмотра интернет тв   обычное тв в качестве бонуса  Да  полностью русифицирован  тоже немного переживал   5
1  экосистема xiaomi  это довольно удобно                                 2  android  поставил всякого ширпотреба вроде hd videobox и kodi  Можно эмуляторов приставок поставить                                 3  есть блютуз это значит что уши и колонки я могу вешать без проводов                                 4  hdr с ним картинка повеселее                                 5  пульт  он простой  легкий и работает даже на соседнем этаже                                 6  поддерживает air mirroring  я могу не просто использовать miracast  а натурально подключить свой macbook и iphone к телеку                                  7  wi fi 78мбит                                 8  изображение без засветов абсолютно  с черным и большими углами обзора;1  2 hdmi  даже в старом бюджетном самсунге их 4                                 2  китайские надписи и сервисы  перешить пока не получится  Но можно поставить английский и жить с ним                                 3  ножки какие то угрюмые  в остальном дизайн ок                                 4  колонкам не хватает немного мощности  спасают пресеты                                 5  китайская реклама изгоняется блокировкой китайских хостов на роутере                                 6  нет таких крутых уплавлялок как на самсунг или сони  я вообще не уверен  что они есть;Вообщем немного опечален китайцами  но в широком смысле тв доволен  показывает триколор и играется с xbox one s  наверное на дачу куплю еще такой  Дизайн корпуса стремноват  но он не бесит и за такую цену уже не плохо что есть  Сзади алюминий  рамки из добротного пластика  самса вся из пластика  Вообщем очень рекомендую  Даже рядом с 4к 40 смотрится классно  По вопросам легко найти тему на форумах типа 4пда
Android                                 Скорость работы                                 Качество картинки                                 Без проводов;А в жизни всегда так  Либо короткая дорожка через лес с бабой ягой  либо длинная в обход                                  Для лично меня нет                                  Не воспроизводит 4К с youtube  нет поддержки кодека VP9 в который youtube перекодировал свои 4K ролики;Я думал что мне вообще не нужен телевизор пока не столкнулся с этим чудом за вменяемые деньги  Андроид это просто сказка любой функционал можно организовать при желании поковыряться  Он лайн фильмы бесплатные  воспроизведение Торренты прямо он лайн в 4K без скачивания  Телевидение через интернет с огромным количеством каналов без всяких заморочек с плейлистами и тд                                  Но смотрите по модели 4A 43 есть нюансы  по сути под этим индексом продаются совершенно разные телевизоры технически                                  4A 43   дорестайлинг 2гб 8Гб Bluetooth Wifi 2 4 и 5 ггц шикарная матрица LG                                 4A 43   рестайлинг 1 8 Гб нет BT Wifi только 2 4 матрица бюджетного сегмента                                 4A 43 PRO   версия для индийского рынка 1 8ГБ BT есть  wifi 2 4  шикарная матрица LG на вид качество картинки уровня QLED  в этой модели работает голосовой поиск удобная штука и он полностью на русском
1  Отличное качество изображения за свои деньги                                  2  Никаких китайских иероглифов и прошивок                                 3  Все меню на русском языке  поддержка голосового управления на русском                                 4  Поддержка цифрового ТВ без всяких приставок                                 5  Очень хороший и качественный звук  мощные колонки                                 6  Качество изготовления                                 7  Android  доступность сервисов Гугла  в том числе Play Market                                 8  Удобный и простой пульт  проще некуда;Вилка  Она довольно таки странная  Для наших розеток вроде как переходник не нужен  но корпус вилки имеет очень широкие края  штыри на вилке довольно короткие  Поэтому  если розетка утопленная  то переходник все же понадобится;Нашел модель 4A 43 Pro за 25499  Их вроде как делают в Индии и недавно стали поставлять в Россию  Изначально шел забирать обычный 4A 43  который на 3 тыс  дешевле  но в магазине предложили обратить внимание на версию Pro  Включив два телека рядом можно было их сравнить и выбор для меня был очевиден  В первую очередь меня подкупило то  что отпала перспектива мороки с китайскими сервисами  перепрошивками и прикручиванием русского языка  хотя я уже был готов к этому  А тут включил и сразу все на русском без каких либо проблем  Остальные плюсы перечислил выше  Кстати  в этом телеке 3 hdmi
Сразу оговорюсь  у меня индийская  глобальная  телевизора                                   Относительно узкие рамки                                   Нормальная матрица  засветов не вижу  При обзоре сбоку цвета не искажаются  но черный теряется                                   Смарт составляющая не тупит  И вообще это android tv  а не какая нибудь урезанная недоплатформа                                   Пульт  количество кнопок которого можно посчитать по пальцам двух рук даже не слишком удачливого слесаря                                   Пульт связывается по Bluetooth  на пульте есть микрофон и отсюда   возможность голосового управления  Правда пока что практиковался искать только видосы в ютубе                                   Вместо пульта можно юзать смартфон                                   Звук громкий  подстройка тонкая  но подозреваю  что на максимальных значениях громкости может хрипеть  но он реально громкий                                   Приверженцы бренда оценят его вовлеченность в экосистему сяоми                                   Нет тяжелой подставки                                   Порты находятся на задней крышке  но перпендикулярно стене  проблем повесить телик и воткнуть все необходимое не будет                                  3 HDMI  один с обратной связью ARC   3 USB  тюльпан  антенный вход  коаксиальный spdif  lan и для наушников разъем                                  русский язык в комплекте  google play наличествует                                  вес    когда я его получил  я думал  что в коробке ничего нет                                    поддержка DTS HD  Для меня очень важно  поскольку смотрю видео с терабайтника  старый телевизор не умел пропускать через себя объемный звук и декодировал в стерео без шансов  Тут  если грамотно подключите к ресиверу  все будет тип топ;Матрица 60 Гц  хорошая бюджетная матрица  глаза лично у меня от нее не устают   Но можно и сотку было поставить  с меньшим временем отклика                                  Почему нет ни одного USB 3 0                                   я привык к оптическому spdif у  поэтому коаксиальный мне слегка не удобен                                   ОЗУ в два раза меньше  чем в китайках   1 гигабайт  На работе не заметил  что сказывается  К видеоускорителям Mali отношусь довольно скептически из за не очень приятного телефонного прошлого  общего с видеоускорителями этой марки                                   Равномерно горячий сзади  вся задняя крышка   Первые три дня работы может слегка попахивать пластиком  который тоже в общем то неплохой                                   встроенный плеер  никто не мешает поставить сторонний  не читает вшитые субтитры в мкв файлах  где то не проигрывает звук  да и вообще прошивка как будто демоверсия какого нибудь мибокса   минимум функций  аскетизм и все такое  Зато андроид 8                                   динамическую подсветку лучше сразу вырубить  убивает яркость                                  вилка индусская  Сама вилка нормальная  как европейская  но короткая  и корпус широкий  Сие означает  что в евророзетку она не влезет без переходника                                   отсутствие DVB Т и подобных стандартов за недостаток не считаю  никогда ими не пользовался                                  тема на 4пда  к сожалению  на момент написания вам не помощник                                    если вы будущий владелец китайской версии  перепрошить телик на глобалку не получится  а у китайцев в прошивке дофига китайщины  рекламы и фиг нормально русифицируешь;UPDATE  после полугода пользования все так же доволен ТВ  В одной из прошивок WiFi отваливался часто  что не позволяло смотреть комфортно контент по DLNA  лучше подключать проводом  HDVideobox изредка виснет  раза 3 4 в месяц   но скорее всего проблемы не со стороны клиента  Торрент тв не смотрю  но какие то каналы вроде идут без вылетов  Из за небольшого объема ОЗУ критически влияет оптимизация программ  я так удалил VLC и пару других плееров  Сейчас для DLNA стоит Kodi  на запас Vimu Player  видеобокс смотрю через MXPlayer т к  там на лету можно переключать кодеки HW и HW   плюс отдельно всего включен софтварный декодер звука   Короче  нужно немного понастраивать и поэкспериментировать после покупки                                     _____                                 Брал на сервисе под названием бело черного пятнистого мишки за полцены  сам сервис отчаянно не рекомендую   За те деньги недостатки смешные  Да в принципе и за 20к тоже                                  По цене аналогичные либо не FullHD  матрица похуже  50 Гц  мыло  засветы   смарт составляющая не такая уж и смарт  обрубки типа webos или tizen   да и тормозит  Что то адекватное будет от 40000 и выше  смотрим в сторону филипса                                   Цветность у ТВ нормальная  нужно выставить режим  vivid  и убрать динамическую яркость в настройках  Звук выставил в режим  фильм                                   Подключение и настройка телевизора проблем не вызвала  инструкция в комплекте как таковая отсутствует  но оно и не надо  все интуитивно понятно  индусские разработчики обещают допилить прошивку и добавить часть фич                                 Очень рекомендую докинуть до телика кабель с живительным интернетом  иначе в смарт составляющей смысла не будет  Обильное количество портов позволяет воткнуть в один из них удлинитель  чтобы постоянно внешние харды перетыкать   в другие периферию  типа мышки и клавы                                  В целом телевизор получился настолько же успешно  как серия Redmi Note у их смартфонов  На некоторых вещах сэкономили  но максимум из цены выжали и оставили конкурентов позади
Множество  от внешнего вида  до качества изображения и цены;Прошивка нужна или TV BOX  Бывают и русские версии  которые изначально на Русском языке  но эта тоже нормальная если посидеть пару часов на форуме;В целом модель отличная  Но нехватает встроеного русского языка с нашими сервисами
Современный тонкий легкий  Хорошо воспроизводит видео с ютюба  Воспроизводит тв каналы тоже не плохо вроде  Хотя более старый телек самсунг на кухне воспроизводит тв каналы лучше;С танцами с бубном можно подключить колонки через блютюз я подключил колонку  Качество звука при этом отвратительное из за перебоев на любой громкости  Блютуз наушники вообще ни разу не законектились при том что телевизор их видит  После отключения блютуз колонки при просмотре тв каналов и ютюба проблемы со звуком от встроенных динамиков также возникали  Не работает с приложением умный дом сяоми  Купил телек исключительно из за этой перспективы подключится к системе умный дом  Ощущение  что меню настроек делали депутаты не поддается какому либо здравому смыслу;Сильно разочарован  если не сказать больше
телик конечно же огонь но если нет поддержки русского то в рф он не нужен;китайщина полная;хорошо но не для россии
Картинка четкая  операционка шустрая;Звук слабый  иногда подвисает;Вообщем за эту цену  придирки излишне
Только внешний вид и частично звук  и то на низах это печаль;Скудная цветопередача  постоянно отваливающийся вай фай  В целом матрица слабенькая и смарт оболочка на уверенные 2 3 балла  все таки не очень прикольно когда половина апликух висит или глючит;Несколько месяцев назад имел неосторожность купить этот смарт  казалось бы бренд известный  хоть и цена не кусается  но если в магазине он вел себя прилично  то дома с течением время проявлялось все больше и больше боков  с которыми просто невозможно было ничего нормального сделать  Например  постоянно отваливается Интернет  перенастраивал роутер несколько раз  выбирал другие каналы  ничего не помогало  при этом со смартфоном и лептопом подобных проблем не возникало  В итоге помогло толькоп подключение ланки  но зачем мне такой смарт  куда даже для интернета надо провод тянуть  Юсб это отдельная история  половину флешек и внешних носителей он не видит  а если и видит  то может не видеть файлы  не проигрывать видео и аудио  В приложениях может тупить  смотришь фильм  начинается подгрузка  не в право не влево  в итоге перезапускаешь фильм  начинается с начала  а не с метки просмотра  Экран такое  я проверял цвета  контрастность и цветовая гамма скудные   Так что как смарт шлак  к сожалениею  А как экран  то можно и лучше найти
Лёгкий  адекватная цветопередача  гибкая настройка картинки из меню;Большая площадь пикселя  Близко и контент плохого качества не посмотришь с комфортом;лёгкий  адекватная цветопередача  гибкая настройка картинки из меню  не плохой звук  Изображение при проигрывании 720р и 1080р отличное с расстояния 2 3 метра  Там  где я покупал уже установлен строений лаунчер  русский язык присутствует   все необходимые приложения
Цена  картинка  функционал;Звук громкий  качество ужасное  Но большего ожидать от бюджетного тв грешно;Хороший телек за свои деньги
Достаточно бюджетно;Пульт в комплекте малофункционален и сдох после месяца работы;За свою цену это находка  минус одна звезда потому что после включения минут 5 виснет  потом все прекрасно работает  За такую цену   с таким количеством приложений и всего всего вряд ли найдете лучше
современный классический телевизор;Нет;Покупал телевизор Xiaomi mi tv 4s 32  Очень доволен покупкой  цена тоже очень хорошая   Советую присмотреться к данной модели
Цена андроид его функционал;Из недостатков могу выделить только один момент сразу после покупки были сильные засветы по бокам однако поработав пару дней они ушли и стали еле видимы в полной темноте на черном цвете на цветной картинке их не видно  Для кого то может оказаться минусом что меню английское с рекламами на китайском но все на интуитивном уровне понятно;Изначально хотел купить родителям но им взял Самсунг 55  со схожими характеристиками  а себе такой и поэтому буду сравнивать с ним  Картинка довольно яркая и красочная но при включении низкого качества видео все это теряется на самсе даже когда смотришь 720р ошущение 1080р  в 4к телек хорошо показывает и придраться не к чему  Звук долго настраивал т к по умолчанию писклявый при хорошем видео бывает что создаёт звуковую сцену  Брал из за андроида благодаря нему у меня бесплатное ip_tv на сотни каналов бесплатные фильмы из сервисов проката и торентов подключил по блютузу мышку и клаву соединил стимом ПК из другой комнаты и тв теперь джойстиком играю на ТВ в игры с ПК беспроблем соединил домашний кинотеатр и управляю одним пультом  Матрица Самсунг   Подведу итог в своей цене ТВ очень хорош и вряд ли найдете лучше сочетании цены функций и картинки если искать только картинку то думаю можно подобрать что то  Родителям и далёким людям от техники не стоит покупать в настройки надо вникать и вас задолбят  почему не получается а как сделать  Моя оценка тв 4
рий                                                                     До этого покупал 49  с китайским меню поставил английский  потом полурусский  НО   не ловил русскую цифру Пришлось отдать обратно     Этот полностью русифицирован  никаких иероглифов   В качестве приятного сюрприза поймал на антенный штекер кучу цифровых кабельных каналов  половина оказалась зашифрована но много открытых  которые в инете платные     у нас кабельщики по антенному кабелю раздают   ЮТЮБ ВЕЛИКОЛЕПНО  МЕГАФОН ТВ  МЕГОГО  И кое что еще предустановлены  предлагают 6 месяцев бесплатного удовольствия     Зарегился на свой аккаунт в гугле сразу предложили установить перс тв и другие приложения  которые пользовал ранее с другим телеком    все работает  по HDMI подключается к компу  колокольчики работают со старым dvd плеером  можно поставить приложения с флешки     днём яркости экрана тоже хватает  даже убрал максимумы из настроек    ТОРМОЗОВ ПОКА НЕ ОБНАРУЖИЛ  продолжаю тестировать    что пока не порадовало  так отсутсвие запоминания каналов для каждого источника отдельно и возможности их переключения ловишь кабельные  пойманные на антенну стираются  тюнеры вроде разные  а штекер один  немного неудобно  но не критично  настройки кабельного использую для антенны  жить можно  В ОБЩЕМ И ЦЕЛОМ ОЧЧЕНЬ ДОВОЛЕН  через пять дней после покупки эйфория не прошла  Рекомендую кронштейн на стену брать такой  чтобы расстояние до стены от телека было не менее 7 9 см  иначе штекеры не всунуть  придется сначала все штекеры воткнуть  а потом на стену вешать    Другие магазины могут предлагать не русифицированные телеки  заменить прошивку на полностью русскую пока  говорят на форумах  не получается  кроме того китайская версия не ловит русскую цифру нет DVB T2  другие стандарты вещания;;До этого покупал 49  с китайским меню поставил английский  потом полурусский  НО   не ловил русскую цифру Пришлось отдать обратно     Этот полностью русифицирован  никаких иероглифов   В качестве приятного сюрприза поймал на антенный штекер кучу цифровых кабельных каналов  половина оказалась зашифрована но много открытых  которые в инете платные     у нас кабельщики по антенному кабелю раздают   ЮТЮБ ВЕЛИКОЛЕПНО  МЕГАФОН ТВ  МЕГОГО  И кое что еще предустановлены  предлагают 6 месяцев бесплатного удовольствия     Зарегился на свой аккаунт в гугле сразу предложили установить перс тв и другие приложения  которые пользовал ранее с другим телеком    все работает  по HDMI подключается к компу  колокольчики работают со старым dvd плеером  можно поставить приложения с флешки     днём яркости экрана тоже хватает  даже убрал максимумы из настроек    ТОРМОЗОВ ПОКА НЕ ОБНАРУЖИЛ  продолжаю тестировать    что пока не порадовало  так отсутсвие запоминания каналов для каждого источника отдельно и возможности их переключения ловишь кабельные  пойманные на антенну стираются  тюнеры вроде разные  а штекер один  немного неудобно  но не критично  настройки кабельного использую для антенны  жить можно  В ОБЩЕМ И ЦЕЛОМ ОЧЧЕНЬ ДОВОЛЕН  через пять дней после покупки эйфория не прошла  Рекомендую кронштейн на стену брать такой  чтобы расстояние до стены от телека было не менее 7 9 см  иначе штекеры не всунуть  придется сначала все штекеры воткнуть  а потом на стену вешать    Другие магазины могут предлагать не русифицированные телеки  заменить прошивку на полностью русскую пока  говорят на форумах  не получается  кроме того китайская версия не ловит русскую цифру нет DVB T2  другие стандарты вещания
Цена Качество Одно из лучших решений;Китайский язык;Телевизор за эти деньги очень хороший                                  Конечно такой картинки как на тв А брендов за 100 тысяч рублей вы не добьетесь но при грамотной настройке результат будет очень хороший                                  Поддержка 4К HDR радует                                  Обошелся мне этот тв 40000р                                  За эту цену у него конкурентов нет
Отличный экран  Ни одного засвета  Работает с Bluetooth наушниками  Поддерживает    airplay    и еще вывод экрана с андроида  Дружит с ps4 pro;Airplay работает странно  то работает  то  невозможно подключить устройство;Выбирал между Samsung ue55mu6100u и Xiaomi tv 4a  Ни разу не пожалел о выборе модели
Большой 4к Матрица samsung Изображение приятно для глаз;Звук с коаксиального выхода очень плохой Изображение не четкое Как бы мягкое Толстоват;Простенький телек
О достоинствах сказать нечего  Я их не нахожу  есть с чем сравнить lg 4k  телик и телик хоть и 4k   Прилетела обновление и английский язык с ней;Ну язык и контент это должно быть понятно   всё таки телик не для международного рынка   нельзя настроить HDMI раздельно по качеству картинки   если на HDMI 1 подключен триколор а на HDMI 2 комп   HDMI 3 приставка то на всех будет стоять один и тот же параметр   у меня 1  стандарт  2  Game  3  монитор  вообщем приходиться переключать в ручную;бренд xiaomi так как являюсь фанатом   конечно знал что покупал   обзоров не нашёл   вроде бы всё хорошо но и в то же время непонятное чувства   хочу продать        добавил фото вот какая засветка
Соотношение цена качество  За эту цену на мой взгляд достойное предложение в сегменте 4K  HDR;Насколько мне известно в Россию данная модель официально не поставляется  В связи с чем возникает необходимость устанавливать русифицированный лаунчер  В целом это делают магазины  продающие данные модели  Но меню настроек в любом случае на английском  так что кто не понимает английский  лучше несколько раз подумать перед покупкой  Меня данные недостатки совершенно не смущали  Других лично для себя выявлено не было;Задумывался о приобретении 4K телевизора  но за разумные деньги  Почитав отзывы о телевизорах Xiaomi  решил попробовать познакомиться с данным телевизором  так как цена была достаточно привлекательной  Пользуюсь телевизором с февраля 2019 года  Флешки читал у меня все  пробовал разных фирм и объёмов  без проблем  запускал через флешки фильмы в разных форматах  читает всё  Предустановленный браузер Опера тоже запускал все видеоролики с различных сайтов без проблем  По качеству картинки у меня нареканий нет  засвета экрана нет  Картинка чёткая  настроил под себя  очень нравится  Смотрится отлично как и 4К контент  так и FHD  Данный телевизор рекомендую к покупке с учётом нюансов  указанных мною в недостатках
Цена   Управление быстрое и интуитивное  Достойный смарт тв на андроиде   Нормальный звук   Удобный пульт;Качество картинки  Если сравнить с Sony 90 серии   картинка очень ощутимо хуже  контрастность  глубина чёрного  Но Sony и стоит в 2 раза дороже   Невысокая максимальная яркость;За небольшие деньги получаем быстрый смарт тв с приличной диагональю   На мой субъективный взгляд стоит заплатить в 2 раза больше за лучшую картинку
Большая диагональ  Практически безрамочный  Не тяжелый  подерживет все совреманные  форматы;Китаец;Старый телевизор приказал долго жить  бюджет был не большой но очень хотелось телефизор с диагональю побольше  чтитал отзывы экспертов согласно которым для адекватного восприятия 4 К диагональ должна быть не меньше 50 дюймой  нашел эту модель телевизора  телевизор на китайском но у меня уже есть ТВ приставка так что меня это не смутило привезли достаточно быстро  так как телевизор большой за доставку взяли чуть больше чем расчитывал  но не критично  Телевизор нравиться цвета насыщенные  раземов HDMI достаточно на все что было нужно подключить  Покупкой доволен
Большой и цена в полтора раза ниже  чем у ближайшего конкурента;Матрица мне не понравилась  черный   это светло сенюшный серый  Трудно назвать это телевизором  т  к  нет DVB тюнера  CI слота  настроек эфирного телевидения  Внутри обрезанный андроид  ад в приложениях  Гугл маркета нет  VP9 кодек для 4К не поддерживается  Китайский язык и приложения вылазят из разных неожиданных мест  ПО это некая поделка созданная руками местных умельцев;Изначально был настроен брать лыжу  но соблазнился на текущую на данный момент оценку 4 5 и андроид  Не очень понимаю  кому они нравятся  можно использовать  как внешний дисплей к тюнеру  tv box или компу  но за такая цена  80К  выглядит завышенной  Лончером телевизора невозможно пользоваться  Надеюсь  отзыв будет полезен для тех кто сомневается брать или не брать  т к  про этот продукт китайских братьев очень мало объективных отзывов
Минималистичный bluetooth пульт   4К тянет на ура   отличная картинка   Удобное меню   Chromecast;Иногда в комплекте отсутствует пульт  поэтому проверять комплектность обязательно нужно в магазине   Поиск не всегда неудобный  потому что не во всех сервисах есть функция голосового поиска  а писать в ручную долго  но это мелочь;Отличный телевизор  За такую цену аналогов не нашли  Безумно понравилась картинка  В подписках на okko  ivi  megago  tvzavr и нескольких других сервисах есть 4К фильмы  которые помогли оценить качество картинки  Мы как новые пользователи пришли в восторг от увиденного  Изучили chromecast  впервые столкнулись с этой возможностью с компьютера  Ни пожалели о покупке  хотя и читали некоторые отрицательные отзывы в интернете
Нет;Толстый корпус   не работает вайфай  постоянно слетает Ютюб   перегружается и виснет на Мегого  не хватает какой то памяти   куча засветов по бокам в темных сценах;Повелся на хорошие отзывы  но по факту все это пишут боты   Уже месяц стоит этот кусок пластика  постоянно слетает Ютюб  перегружается и виснет на Мегого  не хватает какой то памяти  По вайфаю не подключился  пришлось тянуть кабель  За эти деньги есть лучше  очень жалею что не вернул   По картинке   куча засветов по бокам в темных сценах
